1,John,Doe,johndoe,johndoe@example.com
2,Jane,Smith,janesmith,janesmith@example.com
3,Michael,Johnson,michaeljohnson,michaeljohnson@example.com
4,Sarah,Williams,sarahwilliams,sarahwilliams@example.com
5,David,Brown,davidbrown,davidbrown@example.com
6,Emily,Jones,emilyjones,emilyjones@example.com
7,Matthew,Taylor,matthewtaylor,matthewtaylor@example.com
9,James,Anderson,jamesanderson,jamesanderson@example.com
10,Sophia,Thomas,sophiathomas,sophiathomas@example.com
11,William,Jackson,williamjackson,williamjackson@example.com
12,Ava,White,avawhite,avawhite@example.com
13,Joseph,Harris,josephharris,josephharris@example.com
14,Isabella,Martin,isabellamartin,isabellamartin@example.com
15,Andrew,Thompson,andrewthompson,andrewthompson@example.com
16,Mia,Garcia,miagarcia,miagarcia@example.com
17,Charles,Martinez,charlesmartinez,charlesmartinez@example.com
18,Sofia,Robinson,sofiarobinson,sofiarobinson@example.com
19,Matthew,Clark,matthewclark,matthewclark@example.com
20,Avery,Rodriguez,averyrodriguez,averyrodriguez@example.com
21,Ella,Lewis,ellalewis,ellalewis@example.com
22,Jack,Lee,jacklee,jacklee@example.com
23,Scarlett,Walker,scarlettwalker,scarlettwalker@example.com
24,Aiden,Hall,aidenhall,aidenhall@example.com
25,Lily,Allen,lilyallen,lilyallen@example.com
26,Lucas,Young,lucasyoung,lucasyoung@example.com
27,Chloe,Hernandez,chloehernandez,chloehernandez@example.com
28,Logan,King,loganking,loganking@example.com
29,Evelyn,Wright,evelynwright,evelynwright@example.com
30,Christopher,Lopez,christopherlopez,christopherlopez@example.com
31,Grace,Hill,gracehill,gracehill@example.com
32,Charlotte,Scott,charlottescott,charlottescott@example.com
33,Daniel,Green,danielgreen,danielgreen@example.com
34,Zoey,Adams,zoeyadams,zoeyadams@example.com
35,Josephine,Baker,josephinebaker,josephinebaker@example.com
36,Victoria,Gonzalez,victoriagonzalez,victoriagonzalez@example.com
37,David,Ward,davidward,davidward@example.com
38,Abigail,Watson,abigailwatson,abigailwatson@example.com
39,John,Turner,johnturner,johnturner@example.com
40,Harper,Carter,harpercarter,harpercarter@example.com
41,Emily,Phillips,emilyphillips,emilyphillips@example.com
42,Elizabeth,Allen,elizabethallen,elizabethallen@example.com
43,Michael,Hughes,michaelhughes,michaelhughes@example.com
44,Grace,Ross,graceross,graceross@example.com
45,William,Price,williamprice,williamprice@example.com
46,Scarlett,Myers,scarlettmyers,scarlettmyers@example.com
47,James,Long,jameslong,jameslong@example.com
48,Avery,Cooper,averycooper,averycooper@example.com
49,Emma,Richardson,emmarichardson,emmarichardson@example.com
50,Sebastian,Rossi,sebastianrossi,sebastianrossi@example.com
51,Olivia,Reed,oliviareed,oliviareed@example.com
52,Liam,Stewart,liamstewart,liamstewart@example.com
53,Amelia,Morris,ameliamorris,ameliamorris@example.com
54,Benjamin,Collins,benjamincollins,benjamincollins@example.com
55,Isabella,Cook,isabellacook,isabellacook@example.com
56,Logan,Murphy,loganmurphy,loganmurphy@example.com
57,Charlotte,Rivera,charlotterivera,charlotterivera@example.com
58,Leo,Gray,leogray,leogray@example.com
59,Sophia,Reyes,sophiareyes,sophiareyes@example.com
60,Julian,Howard,julianhoward,julianhoward@example.com
61,Harper,Turner,harperturner,harperturner@example.com
62,Amelia,Scott,ameliascott,ameliascott@example.com
63,Matthew,Adams,matthewadams,matthewadams@example.com
64,Abigail,Thomas,abigailthomas,abigailthomas@example.com
65,Emily,White,emilywhite,emilywhite@example.com
66,William,Harris,williamharris,williamharris@example.com
67,Elizabeth,King,elizabethking,elizabethking@example.com
68,James,Young,jamesyoung,jamesyoung@example.com
69,Charlotte,Robinson,charlotterobinson,charlotterobinson@example.com
70,Oliver,Hall,oliverhall,oliverhall@example.com
71,Sophia,Allen,sophiaallen,sophiaallen@example.com
72,Emma,Lopez,emmalopez,emmalopez@example.com
73,Liam,Green,liamgreen,liamgreen@example.com
74,Isabella,Clark,isabellaclark,isabellaclark@example.com
75,Noah,Adams,noahadams,noahadams@example.com
76,Ava,Young,avayoung,avayoung@example.com
77,Michael,Hernandez,michaelhernandez,michaelhernandez@example.com
78,Emily,King,emilyking,emilyking@example.com
79,Olivia,Wright,oliviawright,oliviawright@example.com
80,William,Lee,williamlee,williamlee@example.com
81,Charlotte,Walker,charlottewalker,charlottewalker@example.com
82,James,Hall,jameshall,jameshall@example.com